Porosity,Threshold_Thickness_mm
0.855000,2.000000
0.868000,2.000000
0.879000,2.100000
0.882000,2.200000
0.895000,2.300000
0.905000,2.440000
0.920000,2.810000
0.930000,3.010000
0.956000,8.000000
0.977000,8.000000
