Porosity,Threshold_Thickness_mm
0.855000,0.606999
0.868000,0.570509
0.879000,0.531519
0.882000,0.871736
0.895000,0.839366
0.905000,0.651982
0.920000,1.339222
0.938000,1.354607
